list-none-none,1,10,1,30,125236,4174,0
list-none-none,1,100,1,300,164196,547,0
list-none-none,1,1000,1,3000,3723248,1241,0
list-none-none,1,10000,1,30000,672540022,22418,0
list-none-none,1,20000,1,60000,3653234394,60887,0
list-none-none,2,100,1,600,608888,1014,0
list-i-none,2,2,1,12,119082,9923,0
list-i-none,4,2,1,24,142721,5946,0
list-i-none,8,2,1,48,261163,5440,0
list-i-none,12,2,1,72,399356,5546,0
list-i-none,4,4,1,48,136868,2851,0
list-i-none,8,4,1,96,277278,2888,0
list-i-none,12,4,1,144,351021,2437,0
list-i-none,2,8,1,48,134178,2795,0
list-i-none,2,32,1,192,233154,1214,0
list-d-none,2,2,1,12,120625,10052,0
list-d-none,4,2,1,24,147613,6150,0
list-d-none,8,2,1,48,280039,5834,0
list-d-none,12,2,1,72,362489,5034,0
list-d-none,4,4,1,48,139174,2899,0
list-d-none,8,4,1,96,275333,2868,0
list-d-none,12,4,1,144,346445,2405,0
list-d-none,2,8,1,48,120554,2511,0
list-d-none,4,8,1,96,151043,1573,0
list-d-none,2,16,1,96,147062,1531,0
list-d-none,4,32,1,384,292149,760,0
list-il-none,2,2,1,12,92912,7742,0
list-il-none,8,2,1,48,276158,5753,0
list-il-none,12,2,1,72,336573,4674,0
list-il-none,2,4,1,24,125063,5210,0
list-il-none,12,4,1,144,384792,2672,0
list-il-none,4,8,1,96,166318,1732,0
list-il-none,2,16,1,96,260694,2715,0
list-il-none,8,16,1,384,663184,1727,0
list-il-none,2,32,1,192,539367,2809,0
list-dl-none,2,2,1,12,103419,8618,0
list-dl-none,4,2,1,24,149919,6246,0
list-dl-none,8,2,1,48,264885,5518,0
list-dl-none,2,4,1,24,103320,4305,0
list-dl-none,8,4,1,96,268461,2796,0
list-dl-none,2,8,1,48,158317,3298,0
list-dl-none,4,8,1,96,172277,1794,0
list-dl-none,2,16,1,96,212533,2213,0
list-dl-none,2,32,1,192,576134,3000,0
list-i-m,12,32,1,1152,652927,566,5804
list-d-m,12,32,1,1152,629515,546,5497
list-il-m,12,32,1,1152,2925497,2539,40286
list-dl-m,12,32,1,1152,2930965,2544,41183
list-i-s,12,32,1,1152,773736,671,6711
list-d-s,12,32,1,1152,740145,642,6721
list-il-s,12,32,1,1152,3395662,2947,48832
list-dl-s,12,32,1,1152,3349642,2907,44480
list-none-none,1,1000,1,3000,3718150,1239,0
list-none-m,1,1000,1,3000,3769757,1256,1
list-none-m,2,1000,1,6000,8558490,1426,2099
list-none-m,4,1000,1,12000,19283160,1606,7208
list-none-m,8,1000,1,24000,41254892,1718,18053
list-none-m,12,1000,1,36000,66709686,1853,30508
list-none-m,16,1000,1,48000,97208359,2025,44776
list-none-m,24,1000,1,72000,142551920,1979,68366
list-none-s,1,1000,1,3000,3766226,1255,0
list-none-s,2,1000,1,6000,8493522,1415,2071
list-none-s,4,1000,1,12000,29399444,2449,13314
list-none-s,8,1000,1,24000,78396053,3266,40516
list-none-s,12,1000,1,36000,138954797,3859,72314
list-none-s,16,1000,1,48000,216151872,4503,121495
list-none-s,24,1000,1,72000,365530389,5076,200170
list-id-none,1,1,4,3,123530,41176,0
list-id-none,12,1,4,36,388586,10794,0
list-id-none,16,1,4,48,513662,10701,0
list-id-none,1,2,4,6,90193,15032,0
list-id-none,12,2,4,72,343772,4774,0
list-id-none,1,4,4,12,93471,7789,0
list-id-none,4,4,4,48,160415,3341,0
list-id-none,8,4,4,96,245117,2553,0
list-id-none,1,8,4,24,182234,7593,0
list-id-none,1,16,4,48,115953,2415,0
list-id-none,4,16,4,192,166681,868,0
list-id-m,1,10,4,30,115805,3860,169
list-id-m,4,10,4,120,221597,1846,4199
list-id-m,8,10,4,240,327648,1365,3355
list-id-m,12,10,4,360,452049,1255,5846
list-id-m,16,10,4,480,549652,1145,8889
list-id-m,1,20,4,60,151425,2523,81
list-id-m,4,20,4,240,261005,1087,2579
list-id-m,8,20,4,480,471195,981,6711
list-id-m,12,20,4,720,586839,815,7328
list-id-m,16,20,4,960,812964,846,10835
list-id-m,1,40,4,120,151572,1263,39
list-id-m,4,40,4,480,387690,807,2439
list-id-m,8,40,4,960,737840,768,5738
list-id-m,12,40,4,1440,1092233,758,8768
list-id-m,16,40,4,1920,1427789,743,13089
list-id-m,1,80,4,240,237728,990,17
list-id-m,4,80,4,960,669066,696,2570
list-id-m,8,80,4,1920,1234936,643,6096
list-id-m,12,80,4,2880,1761525,611,9232
list-id-m,16,80,4,3840,2424123,631,12303
list-id-s,1,10,4,30,139412,4647,25
list-id-s,4,10,4,120,188802,1573,1428
list-id-s,8,10,4,240,336918,1403,4164
list-id-s,12,10,4,360,415531,1154,2574
list-id-s,16,10,4,480,520035,1083,2893
list-id-s,1,20,4,60,152237,2537,12
list-id-s,4,20,4,240,268796,1119,2402
list-id-s,8,20,4,480,489175,1019,5628
list-id-s,12,20,4,720,694019,963,9056
list-id-s,16,20,4,960,936693,975,12504
list-id-s,1,40,4,120,147939,1232,6
list-id-s,4,40,4,480,404994,843,2534
list-id-s,8,40,4,960,801042,834,6101
list-id-s,12,40,4,1440,1253471,870,11105
list-id-s,16,40,4,1920,1700391,885,15603
list-id-s,1,80,4,240,241982,1008,2
list-id-s,4,80,4,960,695807,724,2900
list-id-s,8,80,4,1920,1415831,737,7061
list-id-s,12,80,4,2880,2216440,769,12047
list-id-s,16,80,4,3840,3059130,796,16859
list-none-m,1,1000,4,3000,1178989,392,1
list-none-m,1,1000,8,3000,720120,240,1
list-none-m,1,1000,16,3000,511806,170,1
list-none-m,2,1000,1,6000,8543690,1423,2088
list-none-m,2,1000,4,6000,2443209,407,595
list-none-m,2,1000,8,6000,1477119,246,353
list-none-m,2,1000,16,6000,1027929,171,240
list-none-m,4,1000,1,12000,18315912,1526,6814
list-none-m,4,1000,4,12000,5089374,424,1855
list-none-m,4,1000,8,12000,3059805,254,1111
list-none-m,4,1000,16,12000,2105220,175,752
list-none-m,8,1000,1,24000,41958437,1748,18376
list-none-m,8,1000,4,24000,11639226,484,5035
list-none-m,8,1000,8,24000,6930764,288,3060
list-none-m,8,1000,16,24000,4580721,190,2016
list-none-m,12,1000,1,36000,65981200,1832,30298
list-none-m,12,1000,4,36000,17939698,498,8265
list-none-m,12,1000,8,36000,10837150,301,4955
list-none-m,12,1000,16,36000,7220888,200,3332
list-none-s,1,1000,1,3000,3730117,1243,0
list-none-s,1,1000,4,3000,1172598,390,0
list-none-s,1,1000,8,3000,717498,239,0
list-none-s,1,1000,16,3000,509089,169,0
list-none-s,2,1000,1,6000,8458167,1409,2068
list-none-s,2,1000,4,6000,2402951,400,572
list-none-s,2,1000,8,6000,1448685,241,332
list-none-s,2,1000,16,6000,980018,163,214
list-none-s,4,1000,1,12000,24853104,2071,11126
list-none-s,4,1000,4,12000,7398011,616,3336
list-none-s,4,1000,8,12000,4030828,335,1798
list-none-s,4,1000,16,12000,2770606,230,1209
list-none-s,8,1000,1,24000,75995108,3166,38940
list-none-s,8,1000,4,24000,21052015,877,10878
list-none-s,8,1000,8,24000,12157843,506,6249
list-none-s,8,1000,16,24000,7584715,316,3823
list-none-s,12,1000,1,36000,133440255,3706,69977
list-none-s,12,1000,4,36000,35355576,982,18647
list-none-s,12,1000,8,36000,20076907,557,10626
list-none-s,12,1000,16,36000,14603455,405,7589
list-none-none,1,10,1,30,124829,4160,0
list-none-none,1,100,1,300,164642,548,0
list-none-none,1,1000,1,3000,3707609,1235,0
list-none-none,1,10000,1,30000,689547905,22984,0
list-none-none,1,20000,1,60000,3673357351,61222,0
list-none-none,2,10,1,60,123044,2050,0
list-none-none,2,100,1,600,635567,1059,0
list-none-none,2,1000,1,6000,28841070,4806,0
list-none-none,4,10,1,120,143540,1196,0
list-i-none,8,2,1,48,300626,6263,0
list-i-none,12,4,1,144,335496,2329,0
list-i-none,2,8,1,48,122115,2544,0
list-i-none,4,8,1,96,168319,1753,0
list-i-none,2,16,1,96,155615,1620,0
list-i-none,2,32,1,192,196322,1022,0
list-i-none,4,32,1,384,298438,777,0
list-d-none,2,2,1,12,115448,9620,0
list-d-none,4,2,1,24,138902,5787,0
list-d-none,8,2,1,48,274955,5728,0
list-d-none,2,4,1,24,87160,3631,0
list-d-none,8,4,1,96,256091,2667,0
list-d-none,2,8,1,48,134852,2809,0
list-d-none,4,8,1,96,148815,1550,0
list-d-none,8,8,1,192,275894,1436,0
list-d-none,12,8,1,288,365325,1268,0
list-d-none,4,16,1,192,198286,1032,0
list-il-none,2,2,1,12,118799,9899,0
list-il-none,4,2,1,24,139185,5799,0
list-il-none,12,2,1,72,327010,4541,0
list-il-none,2,4,1,24,131047,5460,0
list-il-none,4,4,1,48,157142,3273,0
list-il-none,12,4,1,144,372793,2588,0
list-il-none,2,8,1,48,179409,3737,0
list-il-none,4,8,1,96,182250,1898,0
list-il-none,2,16,1,96,269026,2802,0
list-il-none,2,32,1,192,625671,3258,0
list-il-none,12,32,1,1152,2987082,2592,0
list-dl-none,2,2,1,12,166658,13888,0
list-dl-none,4,2,1,24,128698,5362,0
list-dl-none,8,2,1,48,271718,5660,0
list-dl-none,12,2,1,72,370632,5147,0
list-dl-none,2,4,1,24,137415,5725,0
list-dl-none,4,4,1,48,138763,2890,0
list-dl-none,8,4,1,96,298501,3109,0
list-dl-none,12,4,1,144,378319,2627,0
list-dl-none,2,8,1,48,170527,3552,0
list-dl-none,2,16,1,96,273689,2850,0
list-dl-none,4,16,1,192,352237,1834,0
list-dl-none,2,32,1,192,600706,3128,0
list-dl-none,4,32,1,384,1083891,2822,0
list-i-m,12,32,1,1152,634952,551,4506
list-d-m,12,32,1,1152,581201,504,4591
list-il-m,12,32,1,1152,2842673,2467,39439
list-dl-m,12,32,1,1152,2974780,2582,41082
list-i-s,12,32,1,1152,844741,733,7586
list-d-s,12,32,1,1152,805475,699,7605
list-il-s,12,32,1,1152,3312238,2875,45287
list-dl-s,12,32,1,1152,3185037,2764,43610
list-none-none,1,1000,1,3000,3721254,1240,0
list-none-m,1,1000,1,3000,3784449,1261,1
list-none-m,2,1000,1,6000,8507552,1417,2097
list-none-m,4,1000,1,12000,18527982,1543,6873
list-none-m,8,1000,1,24000,43068286,1794,18812
list-none-m,12,1000,1,36000,67432355,1873,31002
list-none-m,16,1000,1,48000,99797702,2079,45928
list-none-m,24,1000,1,72000,141948408,1971,68127
list-none-s,1,1000,1,3000,3730878,1243,0
list-none-s,2,1000,1,6000,8480543,1413,2072
list-none-s,4,1000,1,12000,26600378,2216,12004
list-none-s,8,1000,1,24000,78716896,3279,40368
list-none-s,12,1000,1,36000,133150601,3698,71587
list-none-s,16,1000,1,48000,216624814,4513,118141
list-none-s,24,1000,1,72000,383923324,5332,216218
list-id-none,1,1,4,3,121317,40439,0
list-id-none,4,1,4,12,166037,13836,0
list-id-none,8,1,4,24,284344,11847,0
list-id-none,12,1,4,36,401710,11158,0
list-id-none,16,1,4,48,486888,10143,0
list-id-none,1,2,4,6,130524,21754,0
list-id-none,4,2,4,24,150731,6280,0
list-id-none,16,2,4,96,459933,4790,0
list-id-none,1,4,4,12,134878,11239,0
list-id-none,16,4,4,192,460125,2396,0
list-id-none,1,8,4,24,132595,5524,0
list-id-none,1,16,4,48,188151,3919,0
list-id-m,1,10,4,30,196857,6561,175
list-id-m,4,10,4,120,174735,1456,3036
list-id-m,8,10,4,240,335103,1396,6052
list-id-m,12,10,4,360,433195,1203,6035
list-id-m,16,10,4,480,562379,1171,8674
list-id-m,1,20,4,60,119437,1990,70
list-id-m,4,20,4,240,273028,1137,3093
list-id-m,8,20,4,480,463002,964,6289
list-id-m,12,20,4,720,643547,893,8411
list-id-m,16,20,4,960,776712,809,11314
list-id-m,1,40,4,120,180645,1505,35
list-id-m,4,40,4,480,381532,794,2697
list-id-m,8,40,4,960,705073,734,5964
list-id-m,12,40,4,1440,1044392,725,8630
list-id-m,16,40,4,1920,1369469,713,12396
list-id-m,1,80,4,240,207906,866,20
list-id-m,4,80,4,960,638146,664,2550
list-id-m,8,80,4,1920,1239708,645,6155
list-id-m,12,80,4,2880,1778221,617,9247
list-id-m,16,80,4,3840,2435298,634,12762
list-id-s,1,10,4,30,104298,3476,12
list-id-s,4,10,4,120,190337,1586,1716
list-id-s,8,10,4,240,334536,1393,4434
list-id-s,12,10,4,360,411698,1143,4527
list-id-s,16,10,4,480,494222,1029,1334
list-id-s,1,20,4,60,118967,1982,6
list-id-s,4,20,4,240,272992,1137,2705
list-id-s,8,20,4,480,484580,1009,5296
list-id-s,12,20,4,720,696704,967,9749
list-id-s,16,20,4,960,858977,894,11953
list-id-s,1,40,4,120,150311,1252,6
list-id-s,4,40,4,480,410141,854,2868
list-id-s,8,40,4,960,787288,820,6865
list-id-s,12,40,4,1440,1210524,840,11183
list-id-s,16,40,4,1920,1589679,827,15239
list-id-s,1,80,4,240,237052,987,1
list-id-s,4,80,4,960,718591,748,2855
list-id-s,8,80,4,1920,1456418,758,7197
list-id-s,12,80,4,2880,2214979,769,12159
list-id-s,16,80,4,3840,3955932,1030,22824
list-none-m,1,1000,4,3000,1164275,388,1
list-none-m,1,1000,8,3000,751983,250,1
list-none-m,1,1000,16,3000,475302,158,1
list-none-m,2,1000,1,6000,8543624,1423,2126
list-none-m,2,1000,4,6000,2453630,408,593
list-none-m,2,1000,8,6000,1517009,252,356
list-none-m,2,1000,16,6000,972406,162,229
list-none-m,4,1000,1,12000,18403006,1533,6795
list-none-m,4,1000,4,12000,5169836,430,1905
list-none-m,4,1000,8,12000,3127704,260,1143
list-none-m,4,1000,16,12000,2144952,178,782
list-none-m,8,1000,1,24000,42510236,1771,18577
list-none-m,8,1000,4,24000,11511153,479,5042
list-none-m,8,1000,8,24000,7035395,293,3092
list-none-m,8,1000,16,24000,4615131,192,2032
list-none-m,12,1000,1,36000,66545596,1848,30580
list-none-m,12,1000,4,36000,18126305,503,8259
list-none-m,12,1000,8,36000,10526716,292,4748
list-none-m,12,1000,16,36000,7101450,197,3284
list-none-s,1,1000,1,3000,3737481,1245,0
list-none-s,1,1000,4,3000,1164549,388,0
list-none-s,1,1000,8,3000,677458,225,0
list-none-s,1,1000,16,3000,504603,168,0
list-none-s,2,1000,1,6000,8653404,1442,2125
list-none-s,2,1000,4,6000,2433207,405,576
list-none-s,2,1000,8,6000,1458529,243,328
list-none-s,2,1000,16,6000,985074,164,211
list-none-s,4,1000,1,12000,27195118,2266,12009
list-none-s,4,1000,4,12000,6849962,570,3046
list-none-s,4,1000,8,12000,4423700,368,1994
list-none-s,4,1000,16,12000,2791046,232,1216
list-none-s,8,1000,1,24000,74895156,3120,38907
list-none-s,8,1000,4,24000,19714803,821,10084
list-none-s,8,1000,8,24000,12335822,513,6275
list-none-s,8,1000,16,24000,7645383,318,3795
list-none-s,12,1000,1,36000,132339011,3676,71140
list-none-s,12,1000,4,36000,39097753,1086,20909
list-none-s,12,1000,8,36000,23857476,662,12662
list-none-s,12,1000,16,36000,14199188,394,7315
list-none-none,1,10,1,30,104154,3471,0
list-none-none,1,100,1,300,141219,470,0
list-none-none,1,1000,1,3000,3680344,1226,0
list-none-none,1,10000,1,30000,675420711,22514,0
list-none-none,1,20000,1,60000,3633920877,60565,0
list-none-none,2,10,1,60,110260,1837,0
list-none-none,2,100,1,600,433605,722,0
list-none-none,2,1000,1,6000,41570015,6928,0
list-none-none,8,10,1,240,262272,1092,0
list-none-none,12,10,1,360,360085,1000,0
list-i-none,2,2,1,12,79836,6653,0
list-i-none,4,2,1,24,142696,5945,0
list-i-none,8,2,1,48,237769,4953,0
list-i-none,12,2,1,72,331851,4609,0
list-i-none,2,4,1,24,88359,3681,0
list-i-none,4,4,1,48,138206,2879,0
list-i-none,8,4,1,96,254969,2655,0
list-i-none,12,4,1,144,327080,2271,0
list-i-none,2,8,1,48,90003,1875,0
list-i-none,4,8,1,96,142832,1487,0
list-i-none,8,8,1,192,252522,1315,0
list-i-none,2,16,1,96,124358,1295,0
list-i-none,4,32,1,384,307512,800,0
list-d-none,2,2,1,12,114215,9517,0
list-d-none,4,2,1,24,146712,6113,0
list-d-none,8,2,1,48,228461,4759,0
list-d-none,12,2,1,72,340809,4733,0
list-d-none,2,4,1,24,111238,4634,0
list-d-none,12,4,1,144,330428,2294,0
list-d-none,2,8,1,48,113116,2356,0
list-d-none,4,8,1,96,141455,1473,0
list-d-none,2,16,1,96,125539,1307,0
list-d-none,4,16,1,192,143396,746,0
list-d-none,2,32,1,192,183843,957,0
list-d-none,4,32,1,384,231533,602,0
list-il-none,2,2,1,12,109654,9137,0
list-il-none,4,2,1,24,168784,7032,0
list-il-none,2,4,1,24,109123,4546,0
list-il-none,4,4,1,48,143906,2998,0
list-il-none,8,4,1,96,250099,2605,0
list-il-none,2,8,1,48,159406,3320,0
list-il-none,12,8,1,288,417803,1450,0
list-il-none,2,16,1,96,260903,2717,0
list-il-none,4,16,1,192,417627,2175,0
list-il-none,2,32,1,192,520406,2710,0
list-il-none,4,32,1,384,991768,2582,0
list-il-none,8,32,1,768,2036605,2651,0
list-dl-none,2,2,1,12,96469,8039,0
list-dl-none,4,2,1,24,137328,5722,0
list-dl-none,8,2,1,48,258846,5392,0
list-dl-none,12,2,1,72,367320,5101,0
list-dl-none,2,4,1,24,130166,5423,0
list-dl-none,12,4,1,144,401136,2785,0
list-dl-none,2,8,1,48,139016,2896,0
list-dl-none,4,16,1,192,385930,2010,0
list-dl-none,12,16,1,576,983124,1706,0
list-dl-none,2,32,1,192,639614,3331,0
list-dl-none,4,32,1,384,1037001,2700,0
list-dl-none,8,32,1,768,1933934,2518,0
list-i-m,12,32,1,1152,577179,501,4179
list-d-m,12,32,1,1152,614337,533,5332
list-il-m,12,32,1,1152,2719623,2360,36198
list-dl-m,12,32,1,1152,2811562,2440,37537
list-i-s,12,32,1,1152,728620,632,7062
list-d-s,12,32,1,1152,759690,659,6419
list-il-s,12,32,1,1152,3355779,2913,47549
list-dl-s,12,32,1,1152,3805191,3303,57658
list-none-none,1,1000,1,3000,3691061,1230,0
list-none-m,1,1000,1,3000,3720878,1240,1
list-none-m,2,1000,1,6000,8499439,1416,2081
list-none-m,4,1000,1,12000,18937406,1578,7060
list-none-m,8,1000,1,24000,41689502,1737,18269
list-none-m,12,1000,1,36000,66863021,1857,30725
list-none-m,16,1000,1,48000,97154921,2024,44720
list-none-m,24,1000,1,72000,140842123,1956,67493
list-none-s,1,1000,1,3000,3698496,1232,0
list-none-s,2,1000,1,6000,8444703,1407,2059
list-none-s,4,1000,1,12000,25651723,2137,11471
list-none-s,8,1000,1,24000,80048164,3335,41656
list-none-s,16,1000,1,48000,207994128,4333,110468
list-none-s,24,1000,1,72000,382321940,5310,213235
list-id-none,1,1,4,3,115158,38386,0
list-id-none,4,1,4,12,167751,13979,0
list-id-none,8,1,4,24,254083,10586,0
list-id-none,12,1,4,36,348889,9691,0
list-id-none,16,1,4,48,570340,11882,0
list-id-none,1,2,4,6,117000,19500,0
list-id-none,8,2,4,48,257984,5374,0
list-id-none,16,2,4,96,469936,4895,0
list-id-none,1,4,4,12,95510,7959,0
list-id-none,4,4,4,48,149817,3121,0
list-id-none,8,4,4,96,266739,2778,0
list-id-none,16,4,4,192,491905,2562,0
list-id-none,1,8,4,24,124327,5180,0
list-id-none,4,8,4,96,140101,1459,0
list-id-none,8,8,4,192,262612,1367,0
list-id-none,1,16,4,48,138959,2894,0
list-id-m,1,10,4,30,126455,4215,154
list-id-m,4,10,4,120,196839,1640,3114
list-id-m,8,10,4,240,320663,1336,3742
list-id-m,12,10,4,360,484887,1346,6572
list-id-m,16,10,4,480,561764,1170,8956
list-id-m,1,20,4,60,123077,2051,77
list-id-m,4,20,4,240,253883,1057,2580
list-id-m,8,20,4,480,427038,889,4481
list-id-m,12,20,4,720,666304,925,8194
list-id-m,16,20,4,960,829499,864,11011
list-id-m,1,40,4,120,173077,1442,37
list-id-m,4,40,4,480,348444,725,2443
list-id-m,8,40,4,960,680929,709,5978
list-id-m,12,40,4,1440,1043709,724,8984
list-id-m,16,40,4,1920,1354912,705,12305
list-id-m,1,80,4,240,229402,955,18
list-id-m,4,80,4,960,627009,653,2608
list-id-m,8,80,4,1920,1224373,637,5944
list-id-m,12,80,4,2880,1775476,616,8452
list-id-m,16,80,4,3840,2353638,612,12278
list-id-s,1,10,4,30,124315,4143,12
list-id-s,4,10,4,120,156704,1305,990
list-id-s,8,10,4,240,297519,1239,2769
list-id-s,12,10,4,360,416049,1155,4546
list-id-s,16,10,4,480,499226,1040,595
list-id-s,1,20,4,60,124146,2069,11
list-id-s,4,20,4,240,254078,1058,2509
list-id-s,8,20,4,480,459232,956,6023
list-id-s,12,20,4,720,665008,923,7787
list-id-s,16,20,4,960,885543,922,11631
list-id-s,1,40,4,120,168975,1408,3
list-id-s,4,40,4,480,373272,777,2602
list-id-s,8,40,4,960,792033,825,6314
list-id-s,12,40,4,1440,1101875,765,9977
list-id-s,16,40,4,1920,1671629,870,14348
list-id-s,1,80,4,240,229924,958,3
list-id-s,4,80,4,960,695397,724,2810
list-id-s,8,80,4,1920,1412670,735,6898
list-id-s,12,80,4,2880,2175740,755,11547
list-id-s,16,80,4,3840,3759572,979,20486
list-none-m,1,1000,4,3000,1149525,383,1
list-none-m,1,1000,8,3000,676938,225,1
list-none-m,1,1000,16,3000,496647,165,1
list-none-m,2,1000,1,6000,8515188,1419,2094
list-none-m,2,1000,4,6000,2408938,401,584
list-none-m,2,1000,8,6000,1488913,248,351
list-none-m,2,1000,16,6000,957341,159,229
list-none-m,4,1000,1,12000,18279482,1523,6809
list-none-m,4,1000,4,12000,5087857,423,1880
list-none-m,4,1000,8,12000,3000159,250,1075
list-none-m,4,1000,16,12000,2053076,171,722
list-none-m,8,1000,1,24000,41170652,1715,18001
list-none-m,8,1000,4,24000,11269827,469,4873
list-none-m,8,1000,8,24000,6818965,284,2979
list-none-m,8,1000,16,24000,4524714,188,2013
list-none-m,12,1000,1,36000,65931130,1831,30238
list-none-m,12,1000,4,36000,18083662,502,8247
list-none-m,12,1000,8,36000,10653544,295,4858
list-none-m,12,1000,16,36000,7220734,200,3333
list-none-s,1,1000,1,3000,3712334,1237,0
list-none-s,1,1000,4,3000,1153220,384,0
list-none-s,1,1000,8,3000,735069,245,0
list-none-s,1,1000,16,3000,528288,176,0
list-none-s,2,1000,1,6000,8471812,1411,2061
list-none-s,2,1000,4,6000,2413625,402,572
list-none-s,2,1000,8,6000,1444838,240,331
list-none-s,2,1000,16,6000,979074,163,212
list-none-s,4,1000,1,12000,25707509,2142,11501
list-none-s,4,1000,4,12000,7292158,607,3245
list-none-s,4,1000,8,12000,4217379,351,1851
list-none-s,4,1000,16,12000,2774375,231,1206
list-none-s,8,1000,1,24000,73637345,3068,37618
list-none-s,8,1000,4,24000,21075226,878,10661
list-none-s,8,1000,8,24000,12165770,506,6224
list-none-s,8,1000,16,24000,8021903,334,4036
list-none-s,12,1000,1,36000,131175490,3643,69814
list-none-s,12,1000,4,36000,36510115,1014,19337
list-none-s,12,1000,8,36000,20039285,556,10416
list-none-s,12,1000,16,36000,14108559,391,7365
list-none-none,1,10,1,30,109381,3646,0
list-none-none,1,100,1,300,118426,394,0
list-none-none,1,1000,1,3000,3695841,1231,0
list-none-none,1,10000,1,30000,654037745,21801,0
list-none-none,1,20000,1,60000,3497018956,58283,0
list-none-none,2,10,1,60,133722,2228,0
list-none-none,2,100,1,600,391558,652,0
list-none-none,2,1000,1,6000,41171710,6861,0
list-none-none,4,10,1,120,156346,1302,0
list-i-none,2,2,1,12,132421,11035,0
list-i-none,4,2,1,24,120652,5027,0
list-i-none,8,2,1,48,288697,6014,0
list-i-none,12,2,1,72,354716,4926,0
list-i-none,2,4,1,24,131327,5471,0
list-i-none,12,4,1,144,337504,2343,0
list-i-none,2,8,1,48,126350,2632,0
list-i-none,4,8,1,96,175285,1825,0
list-i-none,8,8,1,192,241004,1255,0
list-i-none,2,16,1,96,131774,1372,0
list-d-none,2,2,1,12,126589,10549,0
list-d-none,4,2,1,24,119603,4983,0
list-d-none,8,2,1,48,245631,5117,0
list-d-none,12,2,1,72,333187,4627,0
list-d-none,2,4,1,24,119825,4992,0
list-d-none,12,4,1,144,346822,2408,0
list-d-none,2,8,1,48,124015,2583,0
list-d-none,4,8,1,96,168491,1755,0
list-d-none,12,8,1,288,364499,1265,0
list-d-none,2,16,1,96,123498,1286,0
list-d-none,2,32,1,192,170570,888,0
list-d-none,4,32,1,384,319305,831,0
list-d-none,8,32,1,768,531667,692,0
list-il-none,2,2,1,12,128637,10719,0
list-il-none,4,2,1,24,150327,6263,0
list-il-none,8,2,1,48,272220,5671,0
list-il-none,2,4,1,24,113024,4709,0
list-il-none,4,8,1,96,162933,1697,0
list-il-none,2,16,1,96,214095,2230,0
list-il-none,12,16,1,576,931875,1617,0
list-dl-none,2,2,1,12,78504,6542,0
list-dl-none,4,2,1,24,150981,6290,0
list-dl-none,8,2,1,48,258907,5393,0
list-dl-none,12,2,1,72,331608,4605,0
list-dl-none,2,4,1,24,136429,5684,0
list-dl-none,12,4,1,144,334919,2325,0
list-dl-none,2,8,1,48,119740,2494,0
list-dl-none,4,8,1,96,188518,1963,0
list-dl-none,8,8,1,192,303783,1582,0
list-dl-none,2,16,1,96,233917,2436,0
list-dl-none,4,16,1,192,361953,1885,0
list-dl-none,8,16,1,384,629460,1639,0
list-dl-none,2,32,1,192,581971,3031,0
list-dl-none,4,32,1,384,934600,2433,0
list-dl-none,12,32,1,1152,2733659,2372,0
list-i-m,12,32,1,1152,642952,558,4723
list-d-m,12,32,1,1152,636962,552,5052
list-il-m,12,32,1,1152,2676817,2323,35740
list-dl-m,12,32,1,1152,2742331,2380,36920
list-i-s,12,32,1,1152,658114,571,5677
list-d-s,12,32,1,1152,706690,613,4721
list-il-s,12,32,1,1152,3084232,2677,40907
list-dl-s,12,32,1,1152,3094059,2685,42679
list-none-none,1,1000,1,3000,3685517,1228,0
list-none-m,1,1000,1,3000,3705650,1235,1
list-none-m,2,1000,1,6000,8511155,1418,2068
list-none-m,4,1000,1,12000,18724617,1560,6924
list-none-m,8,1000,1,24000,42514555,1771,18630
list-none-m,12,1000,1,36000,68277850,1896,31327
list-none-m,16,1000,1,48000,97567143,2032,44988
list-none-m,24,1000,1,72000,142566334,1980,68227
list-none-s,1,1000,1,3000,3712441,1237,0
list-none-s,2,1000,1,6000,8488467,1414,2070
list-none-s,4,1000,1,12000,25339000,2111,11401
list-none-s,8,1000,1,24000,76999152,3208,39617
list-none-s,16,1000,1,48000,212955444,4436,117007
list-none-s,24,1000,1,72000,341248132,4739,183873
list-id-none,1,1,4,3,105471,35157,0
list-id-none,4,1,4,12,166120,13843,0
list-id-none,8,1,4,24,267905,11162,0
list-id-none,12,1,4,36,342040,9501,0
list-id-none,16,1,4,48,449578,9366,0
list-id-none,1,2,4,6,103349,17224,0
list-id-none,4,2,4,24,166350,6931,0
list-id-none,8,2,4,48,230613,4804,0
list-id-none,12,2,4,72,362636,5036,0
list-id-none,16,2,4,96,467685,4871,0
list-id-none,1,4,4,12,109386,9115,0
list-id-none,4,4,4,48,138278,2880,0
list-id-none,12,4,4,144,375365,2606,0
list-id-none,16,4,4,192,468466,2439,0
list-id-none,1,8,4,24,135896,5662,0
list-id-none,8,8,4,192,257837,1342,0
list-id-none,12,8,4,288,349689,1214,0
list-id-none,1,16,4,48,123336,2569,0
list-id-m,1,10,4,30,115233,3841,98
list-id-m,4,10,4,120,180025,1500,1079
list-id-m,8,10,4,240,315717,1315,4025
list-id-m,12,10,4,360,460318,1278,7439
list-id-m,16,10,4,480,562436,1171,7015
list-id-m,1,20,4,60,154160,2569,73
list-id-m,4,20,4,240,296286,1234,2429
list-id-m,8,20,4,480,437642,911,3960
list-id-m,12,20,4,720,574881,798,5436
list-id-m,16,20,4,960,748461,779,8884
list-id-m,1,40,4,120,160657,1338,24
list-id-m,4,40,4,480,348435,725,2341
list-id-m,8,40,4,960,666102,693,5209
list-id-m,12,40,4,1440,964619,669,8227
list-id-m,16,40,4,1920,1330213,692,11346
list-id-m,1,80,4,240,192467,801,11
list-id-m,4,80,4,960,665177,692,2402
list-id-m,8,80,4,1920,1200775,625,5774
list-id-m,12,80,4,2880,1805436,626,9193
list-id-m,16,80,4,3840,2301808,599,11559
list-id-s,1,10,4,30,115245,3841,12
list-id-s,4,10,4,120,194964,1624,984
list-id-s,8,10,4,240,241451,1006,1714
list-id-s,12,10,4,360,392319,1089,1769
list-id-s,16,10,4,480,503349,1048,1277
list-id-s,1,20,4,60,124230,2070,8
list-id-s,4,20,4,240,230191,959,2089
list-id-s,8,20,4,480,450544,938,4862
list-id-s,12,20,4,720,654595,909,8563
list-id-s,16,20,4,960,832528,867,11534
list-id-s,1,40,4,120,128841,1073,2
list-id-s,4,40,4,480,391003,814,2060
list-id-s,8,40,4,960,808453,842,6260
list-id-s,12,40,4,1440,1261435,875,11357
list-id-s,16,40,4,1920,1598359,832,14722
list-id-s,1,80,4,240,225561,939,1
list-id-s,4,80,4,960,695695,724,2587
list-id-s,8,80,4,1920,1427881,743,6873
list-id-s,12,80,4,2880,2099603,729,10982
list-id-s,16,80,4,3840,3092865,805,16108
list-none-m,1,1000,4,3000,1127507,375,1
list-none-m,1,1000,8,3000,693629,231,1
list-none-m,1,1000,16,3000,488318,162,1
list-none-m,2,1000,1,6000,8440563,1406,2051
list-none-m,2,1000,4,6000,2423639,403,575
list-none-m,2,1000,8,6000,1492826,248,347
list-none-m,2,1000,16,6000,1045810,174,231
list-none-m,4,1000,1,12000,19001500,1583,7042
list-none-m,4,1000,4,12000,5234704,436,1899
list-none-m,4,1000,8,12000,3126868,260,1131
list-none-m,4,1000,16,12000,2132802,177,738
list-none-m,8,1000,1,24000,42360934,1765,18481
list-none-m,8,1000,4,24000,11588635,482,5011
list-none-m,8,1000,8,24000,7154514,298,3064
list-none-m,8,1000,16,24000,4564535,190,1923
list-none-m,12,1000,1,36000,68868935,1913,31638
list-none-m,12,1000,4,36000,18064455,501,8236
list-none-m,12,1000,8,36000,10940608,303,4977
list-none-m,12,1000,16,36000,7317475,203,3336
list-none-s,1,1000,1,3000,3673697,1224,0
list-none-s,1,1000,4,3000,1130910,376,0
list-none-s,1,1000,8,3000,694313,231,0
list-none-s,1,1000,16,3000,485595,161,0
list-none-s,2,1000,1,6000,8395727,1399,2031
list-none-s,2,1000,4,6000,2358486,393,542
list-none-s,2,1000,8,6000,1432046,238,314
list-none-s,2,1000,16,6000,916534,152,200
list-none-s,4,1000,1,12000,27817483,2318,12619
list-none-s,4,1000,4,12000,7705205,642,3404
list-none-s,4,1000,8,12000,4071702,339,1727
list-none-s,4,1000,16,12000,2748558,229,1178
list-none-s,8,1000,1,24000,75844245,3160,38902
list-none-s,8,1000,4,24000,20403002,850,10431
list-none-s,8,1000,8,24000,12107042,504,6063
list-none-s,8,1000,16,24000,8233213,343,4171
list-none-s,12,1000,1,36000,127110466,3530,68544
list-none-s,12,1000,4,36000,34272301,952,18641
list-none-s,12,1000,8,36000,20662416,573,10933
list-none-s,12,1000,16,36000,14136396,392,7192
list-none-none,1,10,1,30,155155,5171,0
list-none-none,1,100,1,300,168799,562,0
list-none-none,1,1000,1,3000,3636415,1212,0
list-none-none,1,10000,1,30000,642005293,21400,0
list-none-none,1,20000,1,60000,3520837414,58680,0
list-none-none,2,1000,1,6000,37136935,6189,0
list-none-none,4,100,1,1200,917491,764,0
list-i-none,2,2,1,12,129254,10771,0
list-i-none,4,2,1,24,174880,7286,0
list-i-none,12,2,1,72,401941,5582,0
list-i-none,4,4,1,48,168711,3514,0
list-i-none,8,4,1,96,250951,2614,0
list-i-none,2,8,1,48,147706,3077,0
list-i-none,2,16,1,96,135292,1409,0
list-i-none,4,16,1,192,265816,1384,0
list-i-none,2,32,1,192,218010,1135,0
list-d-none,2,2,1,12,92732,7727,0
list-d-none,8,2,1,48,313506,6531,0
list-d-none,2,4,1,24,134897,5620,0
list-d-none,4,4,1,48,172454,3592,0
list-d-none,8,4,1,96,300329,3128,0
list-d-none,2,8,1,48,114290,2381,0
list-d-none,2,16,1,96,114876,1196,0
list-d-none,2,32,1,192,220746,1149,0
list-il-none,2,2,1,12,131850,10987,0
list-il-none,2,4,1,24,106918,4454,0
list-il-none,8,4,1,96,310685,3236,0
list-il-none,2,8,1,48,130464,2718,0
list-il-none,4,8,1,96,169870,1769,0
list-il-none,8,8,1,192,389624,2029,0
list-il-none,2,32,1,192,770600,4013,0
list-dl-none,2,2,1,12,179197,14933,0
list-dl-none,4,2,1,24,163701,6820,0
list-dl-none,8,2,1,48,283445,5905,0
list-dl-none,12,2,1,72,421272,5851,0
list-dl-none,2,4,1,24,109816,4575,0
list-dl-none,12,4,1,144,330037,2291,0
list-dl-none,2,8,1,48,175665,3659,0
list-dl-none,4,8,1,96,220495,2296,0
list-dl-none,8,8,1,192,321862,1676,0
list-dl-none,2,16,1,96,269850,2810,0
list-dl-none,4,16,1,192,454604,2367,0
list-dl-none,12,32,1,1152,2919260,2534,0
list-i-m,12,32,1,1152,688372,597,5395
list-d-m,12,32,1,1152,676688,587,5897
list-il-m,12,32,1,1152,2816095,2444,38277
list-dl-m,12,32,1,1152,2864119,2486,37931
list-i-s,12,32,1,1152,848145,736,7047
list-d-s,12,32,1,1152,771435,669,6755
list-il-s,12,32,1,1152,3260453,2830,44949
list-dl-s,12,32,1,1152,3265558,2834,43039
list-none-none,1,1000,1,3000,3785984,1261,0
list-none-m,1,1000,1,3000,3607479,1202,1
list-none-m,2,1000,1,6000,8341842,1390,1957
list-none-m,4,1000,1,12000,18684006,1557,6901
list-none-m,8,1000,1,24000,41230088,1717,18040
list-none-m,12,1000,1,36000,66147321,1837,30249
list-none-m,16,1000,1,48000,97300399,2027,44558
list-none-m,24,1000,1,72000,140743002,1954,67283
list-none-s,1,1000,1,3000,3557538,1185,0
list-none-s,2,1000,1,6000,8274797,1379,1986
list-none-s,4,1000,1,12000,27016520,2251,12200
list-none-s,8,1000,1,24000,78190239,3257,40265
list-none-s,12,1000,1,36000,131865788,3662,70165
list-none-s,16,1000,1,48000,223582122,4657,122973
list-none-s,24,1000,1,72000,303946228,4221,168304
list-id-none,1,1,4,3,180430,60143,0
list-id-none,4,1,4,12,158970,13247,0
list-id-none,8,1,4,24,283052,11793,0
list-id-none,12,1,4,36,388210,10783,0
list-id-none,16,1,4,48,516759,10765,0
list-id-none,1,2,4,6,124384,20730,0
list-id-none,4,2,4,24,160855,6702,0
list-id-none,8,2,4,48,251009,5229,0
list-id-none,12,2,4,72,417088,5792,0
list-id-none,1,4,4,12,123658,10304,0
list-id-none,4,4,4,48,166219,3462,0
list-id-none,8,4,4,96,290890,3030,0
list-id-none,16,4,4,192,457882,2384,0
list-id-none,1,8,4,24,141775,5907,0
list-id-none,1,16,4,48,115480,2405,0
list-id-m,1,10,4,30,107362,3578,142
list-id-m,4,10,4,120,213972,1783,3232
list-id-m,8,10,4,240,317568,1323,4214
list-id-m,12,10,4,360,467905,1299,6085
list-id-m,16,10,4,480,554702,1155,5548
list-id-m,1,20,4,60,147816,2463,72
list-id-m,4,20,4,240,232180,967,2864
list-id-m,8,20,4,480,469120,977,5725
list-id-m,12,20,4,720,617584,857,8413
list-id-m,16,20,4,960,801194,834,11220
list-id-m,1,40,4,120,177805,1481,32
list-id-m,4,40,4,480,346738,722,2452
list-id-m,8,40,4,960,718290,748,5820
list-id-m,12,40,4,1440,1040864,722,8899
list-id-m,16,40,4,1920,1480510,771,13365
list-id-m,1,80,4,240,242339,1009,17
list-id-m,4,80,4,960,739841,770,2836
list-id-m,8,80,4,1920,1273330,663,6343
list-id-m,12,80,4,2880,1785170,619,9525
list-id-m,16,80,4,3840,2557569,666,13026
list-id-s,1,10,4,30,131448,4381,12
list-id-s,4,10,4,120,156585,1304,1674
list-id-s,8,10,4,240,332597,1385,3994
list-id-s,12,10,4,360,410515,1140,4524
list-id-s,16,10,4,480,493772,1028,902
list-id-s,1,20,4,60,149874,2497,11
list-id-s,4,20,4,240,241677,1006,1591
list-id-s,8,20,4,480,446272,929,4937
list-id-s,12,20,4,720,616397,856,7931
list-id-s,16,20,4,960,890485,927,11702
list-id-s,1,40,4,120,206538,1721,3
list-id-s,4,40,4,480,374558,780,2600
list-id-s,8,40,4,960,832167,866,6877
list-id-s,12,40,4,1440,1134765,788,10137
list-id-s,16,40,4,1920,1604227,835,15112
list-id-s,1,80,4,240,265078,1104,3
list-id-s,4,80,4,960,729097,759,2832
list-id-s,8,80,4,1920,1468869,765,6889
list-id-s,12,80,4,2880,2318954,805,12030
list-id-s,16,80,4,3840,3459846,901,18193
list-none-m,1,1000,4,3000,1177663,392,1
list-none-m,1,1000,8,3000,724289,241,1
list-none-m,1,1000,16,3000,526089,175,1
list-none-m,2,1000,1,6000,8519681,1419,2077
list-none-m,2,1000,4,6000,2483529,413,600
list-none-m,2,1000,8,6000,1485577,247,341
list-none-m,2,1000,16,6000,1016531,169,220
list-none-m,4,1000,1,12000,18855111,1571,6987
list-none-m,4,1000,4,12000,5370209,447,1972
list-none-m,4,1000,8,12000,3081013,256,1114
list-none-m,4,1000,16,12000,1972341,164,704
list-none-m,8,1000,1,24000,42208726,1758,18468
list-none-m,8,1000,4,24000,11724994,488,5148
list-none-m,8,1000,8,24000,6823137,284,2907
list-none-m,8,1000,16,24000,4733282,197,2111
list-none-m,12,1000,1,36000,67867061,1885,31254
list-none-m,12,1000,4,36000,17990359,499,8155
list-none-m,12,1000,8,36000,10864717,301,4985
list-none-m,12,1000,16,36000,7348964,204,3372
list-none-s,1,1000,1,3000,3764742,1254,0
list-none-s,1,1000,4,3000,1184966,394,0
list-none-s,1,1000,8,3000,683217,227,0
list-none-s,1,1000,16,3000,510838,170,0
list-none-s,2,1000,1,6000,8409437,1401,2047
list-none-s,2,1000,4,6000,2404113,400,583
list-none-s,2,1000,8,6000,1476088,246,331
list-none-s,2,1000,16,6000,1016852,169,217
list-none-s,4,1000,1,12000,26681463,2223,11959
list-none-s,4,1000,4,12000,7689144,640,3484
list-none-s,4,1000,8,12000,4256231,354,1871
list-none-s,4,1000,16,12000,2768209,230,1187
list-none-s,8,1000,1,24000,77922134,3246,40229
list-none-s,8,1000,4,24000,22111454,921,11276
list-none-s,8,1000,8,24000,12365566,515,6295
list-none-s,8,1000,16,24000,7571118,315,3842
list-none-s,12,1000,1,36000,128047379,3556,70924
list-none-s,12,1000,4,36000,35949865,998,18900
list-none-s,12,1000,8,36000,20593329,572,10803
list-none-s,12,1000,16,36000,13810929,383,7097
list-none-none,1,10,1,30,110516,3683,0
list-none-none,1,100,1,300,204781,682,0
list-none-none,1,1000,1,3000,3618990,1206,0
list-none-none,1,10000,1,30000,660644264,22021,0
list-none-none,1,20000,1,60000,3521797046,58696,0
list-none-none,2,1000,1,6000,32994836,5499,0
list-none-none,4,10,1,120,165558,1379,0
list-none-none,4,1000,1,12000,76312802,6359,0
list-i-none,4,2,1,24,196386,8182,0
list-i-none,4,4,1,48,185150,3857,0
list-i-none,4,8,1,96,184435,1921,0
list-i-none,2,16,1,96,157474,1640,0
list-i-none,2,32,1,192,225627,1175,0
list-i-none,4,32,1,384,336323,875,0
list-d-none,2,2,1,12,134631,11219,0
list-d-none,4,2,1,24,162942,6789,0
list-d-none,8,2,1,48,248606,5179,0
list-d-none,12,2,1,72,407739,5663,0
list-d-none,2,4,1,24,137643,5735,0
list-d-none,4,4,1,48,141255,2942,0
list-d-none,2,8,1,48,104403,2175,0
list-d-none,4,8,1,96,169892,1769,0
list-d-none,2,32,1,192,224759,1170,0
list-il-none,2,2,1,12,139819,11651,0
list-il-none,4,2,1,24,202729,8447,0
list-il-none,8,2,1,48,289969,6041,0
list-il-none,12,2,1,72,384926,5346,0
list-il-none,2,4,1,24,142716,5946,0
list-il-none,2,8,1,48,175407,3654,0
list-il-none,12,8,1,288,468261,1625,0
list-il-none,2,16,1,96,265929,2770,0
list-il-none,2,32,1,192,669494,3486,0
list-il-none,8,32,1,768,2018027,2627,0
list-dl-none,2,2,1,12,110496,9208,0
list-dl-none,4,2,1,24,164550,6856,0
list-dl-none,8,2,1,48,299312,6235,0
list-dl-none,12,2,1,72,469979,6527,0
list-dl-none,8,4,1,96,310698,3236,0
list-dl-none,12,4,1,144,391528,2718,0
list-dl-none,2,8,1,48,135833,2829,0
list-dl-none,2,16,1,96,264288,2753,0
list-dl-none,2,32,1,192,558566,2909,0
list-dl-none,4,32,1,384,1139393,2967,0
list-dl-none,8,32,1,768,1966534,2560,0
list-i-m,12,32,1,1152,699732,607,5424
list-d-m,12,32,1,1152,641739,557,4739
list-il-m,12,32,1,1152,2836855,2462,38185
list-dl-m,12,32,1,1152,2867941,2489,37821
list-i-s,12,32,1,1152,822576,714,7559
list-d-s,12,32,1,1152,752057,652,6000
list-il-s,12,32,1,1152,3175923,2756,42596
list-dl-s,12,32,1,1152,3169385,2751,41947
list-none-none,1,1000,1,3000,3716052,1238,0
list-none-m,1,1000,1,3000,3765210,1255,1
list-none-m,2,1000,1,6000,8500426,1416,2084
list-none-m,4,1000,1,12000,18337281,1528,6737
list-none-m,8,1000,1,24000,41781392,1740,18389
list-none-m,12,1000,1,36000,66484231,1846,30515
list-none-m,16,1000,1,48000,97473256,2030,44842
list-none-m,24,1000,1,72000,141891950,1970,68037
list-none-s,1,1000,1,3000,3761112,1253,0
list-none-s,2,1000,1,6000,8478851,1413,2081
list-none-s,4,1000,1,12000,28163034,2346,12972
list-none-s,8,1000,1,24000,79466008,3311,42250
list-none-s,12,1000,1,36000,137202814,3811,73881
list-none-s,16,1000,1,48000,210922025,4394,118864
list-none-s,24,1000,1,72000,323886106,4498,182502
list-id-none,1,1,4,3,153194,51064,0
list-id-none,4,1,4,12,184632,15386,0
list-id-none,8,1,4,24,275668,11486,0
list-id-none,12,1,4,36,341091,9474,0
list-id-none,16,1,4,48,567605,11825,0
list-id-none,1,2,4,6,118821,19803,0
list-id-none,4,2,4,24,165457,6894,0
list-id-none,12,2,4,72,372996,5180,0
list-id-none,16,2,4,96,543599,5662,0
list-id-none,1,4,4,12,128246,10687,0
list-id-none,4,4,4,48,184486,3843,0
list-id-none,8,4,4,96,260822,2716,0
list-id-none,1,8,4,24,102227,4259,0
list-id-none,1,16,4,48,196025,4083,0
list-id-m,1,10,4,30,103156,3438,156
list-id-m,4,10,4,120,251110,2092,3706
list-id-m,8,10,4,240,370764,1544,7090
list-id-m,12,10,4,360,434338,1206,5296
list-id-m,16,10,4,480,519174,1081,6715
list-id-m,1,20,4,60,120205,2003,70
list-id-m,4,20,4,240,291105,1212,3000
list-id-m,8,20,4,480,417526,869,4454
list-id-m,12,20,4,720,679988,944,8727
list-id-m,16,20,4,960,851440,886,12488
list-id-m,1,40,4,120,184221,1535,35
list-id-m,4,40,4,480,467743,974,3314
list-id-m,8,40,4,960,756309,787,5885
list-id-m,12,40,4,1440,1036183,719,9197
list-id-m,16,40,4,1920,1282810,668,11811
list-id-m,1,80,4,240,212013,883,21
list-id-m,4,80,4,960,748394,779,2663
list-id-m,8,80,4,1920,1338290,697,6523
list-id-m,12,80,4,2880,1821211,632,9448
list-id-m,16,80,4,3840,2497165,650,12545
list-id-s,1,10,4,30,166479,5549,11
list-id-s,4,10,4,120,212459,1770,2243
list-id-s,8,10,4,240,267040,1112,1935
list-id-s,12,10,4,360,465495,1293,6692
list-id-s,16,10,4,480,578644,1205,8258
list-id-s,1,20,4,60,149606,2493,5
list-id-s,4,20,4,240,275891,1149,2905
list-id-s,8,20,4,480,485290,1011,5618
list-id-s,12,20,4,720,686553,953,8480
list-id-s,16,20,4,960,907704,945,12362
list-id-s,1,40,4,120,208378,1736,5
list-id-s,4,40,4,480,439442,915,2749
list-id-s,8,40,4,960,838921,873,6417
list-id-s,12,40,4,1440,1250754,868,11624
list-id-s,16,40,4,1920,1644871,856,14952
list-id-s,1,80,4,240,243009,1012,1
list-id-s,4,80,4,960,719332,749,2869
list-id-s,8,80,4,1920,1448628,754,6926
list-id-s,12,80,4,2880,2361728,820,12198
list-id-s,16,80,4,3840,3642682,948,21999
list-none-m,1,1000,4,3000,1199401,399,1
list-none-m,1,1000,8,3000,779144,259,1
list-none-m,1,1000,16,3000,475596,158,1
list-none-m,2,1000,1,6000,8524663,1420,2089
list-none-m,2,1000,4,6000,2533130,422,585
list-none-m,2,1000,8,6000,1492567,248,350
list-none-m,2,1000,16,6000,1047951,174,229
list-none-m,4,1000,1,12000,18947152,1578,6987
list-none-m,4,1000,4,12000,5119524,426,1872
list-none-m,4,1000,8,12000,3146598,262,1142
list-none-m,4,1000,16,12000,2045813,170,745
list-none-m,8,1000,1,24000,41171706,1715,17891
list-none-m,8,1000,4,24000,11879819,494,5206
list-none-m,8,1000,8,24000,6786984,282,2938
list-none-m,8,1000,16,24000,4688088,195,2092
list-none-m,12,1000,1,36000,65786758,1827,30153
list-none-m,12,1000,4,36000,18296369,508,8322
list-none-m,12,1000,8,36000,11005110,305,4997
list-none-m,12,1000,16,36000,7113539,197,3251
list-none-s,1,1000,1,3000,3680140,1226,0
list-none-s,1,1000,4,3000,1086471,362,0
list-none-s,1,1000,8,3000,747908,249,0
list-none-s,1,1000,16,3000,605199,201,0
list-none-s,2,1000,1,6000,8408719,1401,2039
list-none-s,2,1000,4,6000,2418030,403,551
list-none-s,2,1000,8,6000,1436755,239,321
list-none-s,2,1000,16,6000,1008469,168,217
list-none-s,4,1000,1,12000,26298322,2191,11783
list-none-s,4,1000,4,12000,7314369,609,3239
list-none-s,4,1000,8,12000,4538551,378,1988
list-none-s,4,1000,16,12000,2892928,241,1204
list-none-s,8,1000,1,24000,71554243,2981,36656
list-none-s,8,1000,4,24000,20290867,845,10317
list-none-s,8,1000,8,24000,12849337,535,6648
list-none-s,8,1000,16,24000,7991563,332,4071
list-none-s,12,1000,1,36000,126515876,3514,65622
list-none-s,12,1000,4,36000,35716736,992,19211
list-none-s,12,1000,8,36000,21180576,588,11219
list-none-s,12,1000,16,36000,13795798,383,6983
list-none-none,1,10,1,30,92323,3077,0
list-none-none,1,100,1,300,166945,556,0
list-none-none,1,1000,1,3000,3688864,1229,0
list-none-none,1,10000,1,30000,643890956,21463,0
list-none-none,1,20000,1,60000,3522350069,58705,0
list-none-none,2,10,1,60,99061,1651,0
list-none-none,2,100,1,600,260160,433,0
list-none-none,2,1000,1,6000,17603265,2933,0
list-i-none,2,2,1,12,106550,8879,0
list-i-none,4,2,1,24,159678,6653,0
list-i-none,2,4,1,24,108691,4528,0
list-i-none,12,4,1,144,359177,2494,0
list-i-none,2,8,1,48,160095,3335,0
list-i-none,4,8,1,96,142596,1485,0
list-i-none,12,8,1,288,353267,1226,0
list-i-none,2,16,1,96,150798,1570,0
list-i-none,4,16,1,192,179955,937,0
list-i-none,2,32,1,192,181891,947,0
list-d-none,2,2,1,12,152235,12686,0
list-d-none,4,2,1,24,116040,4835,0
list-d-none,12,2,1,72,304263,4225,0
list-d-none,2,4,1,24,156144,6506,0
list-d-none,8,4,1,96,246878,2571,0
list-d-none,12,4,1,144,319603,2219,0
list-d-none,4,8,1,96,110687,1152,0
list-d-none,8,8,1,192,278041,1448,0
list-d-none,2,16,1,96,162580,1693,0
list-il-none,2,2,1,12,153944,12828,0
list-il-none,8,2,1,48,249028,5188,0
list-il-none,12,2,1,72,351832,4886,0
list-il-none,2,4,1,24,159112,6629,0
list-il-none,4,4,1,48,111058,2313,0
list-il-none,12,4,1,144,335696,2331,0
list-il-none,2,8,1,48,172383,3591,0
list-il-none,4,8,1,96,193000,2010,0
list-il-none,2,16,1,96,224379,2337,0
list-il-none,4,16,1,192,393082,2047,0
list-il-none,12,16,1,576,1018762,1768,0
list-il-none,2,32,1,192,558311,2907,0
list-il-none,4,32,1,384,1097384,2857,0
list-dl-none,2,2,1,12,169707,14142,0
list-dl-none,12,2,1,72,347775,4830,0
list-dl-none,2,4,1,24,159040,6626,0
list-dl-none,8,4,1,96,209545,2182,0
list-dl-none,12,4,1,144,345197,2397,0
list-dl-none,2,8,1,48,214483,4468,0
list-dl-none,2,16,1,96,235954,2457,0
list-dl-none,4,16,1,192,388194,2021,0
list-dl-none,2,32,1,192,499146,2599,0
list-dl-none,4,32,1,384,1046144,2724,0
list-i-m,12,32,1,1152,632010,548,4417
list-d-m,12,32,1,1152,562456,488,3770
list-il-m,12,32,1,1152,2794020,2425,37484
list-dl-m,12,32,1,1152,2848115,2472,37502
list-i-s,12,32,1,1152,748505,649,6870
list-d-s,12,32,1,1152,764174,663,6593
list-il-s,12,32,1,1152,3255442,2825,43646
list-dl-s,12,32,1,1152,3177160,2757,43407
list-none-none,1,1000,1,3000,3615459,1205,0
list-none-m,1,1000,1,3000,3677325,1225,1
list-none-m,2,1000,1,6000,8671024,1445,2134
list-none-m,4,1000,1,12000,19733571,1644,7254
list-none-m,8,1000,1,24000,42210328,1758,18457
list-none-m,12,1000,1,36000,65346512,1815,29977
list-none-m,16,1000,1,48000,97203095,2025,44964
list-none-m,24,1000,1,72000,139239660,1933,66676
list-none-s,1,1000,1,3000,3626182,1208,0
list-none-s,2,1000,1,6000,8295204,1382,2035
list-none-s,4,1000,1,12000,26496132,2208,12042
list-none-s,8,1000,1,24000,76462574,3185,40000
list-none-s,12,1000,1,36000,136840154,3801,74583
list-none-s,16,1000,1,48000,230382278,4799,127950
list-none-s,24,1000,1,72000,329416106,4575,181159
list-id-none,1,1,4,3,98906,32968,0
list-id-none,4,1,4,12,188629,15719,0
list-id-none,8,1,4,24,320771,13365,0
list-id-none,12,1,4,36,379871,10551,0
list-id-none,16,1,4,48,478680,9972,0
list-id-none,1,2,4,6,103053,17175,0
list-id-none,4,2,4,24,191417,7975,0
list-id-none,8,2,4,48,269972,5624,0
list-id-none,12,2,4,72,379208,5266,0
list-id-none,16,2,4,96,473183,4928,0
list-id-none,1,4,4,12,109852,9154,0
list-id-none,12,4,4,144,383408,2662,0
list-id-none,16,4,4,192,448022,2333,0
list-id-none,1,8,4,24,126497,5270,0
list-id-none,1,16,4,48,93505,1948,0
list-id-m,1,10,4,30,119008,3966,93
list-id-m,4,10,4,120,228507,1904,1439
list-id-m,8,10,4,240,362087,1508,5604
list-id-m,12,10,4,360,461791,1282,5993
list-id-m,16,10,4,480,559509,1165,5731
list-id-m,1,20,4,60,129183,2153,49
list-id-m,4,20,4,240,332159,1383,3250
list-id-m,8,20,4,480,450513,938,4749
list-id-m,12,20,4,720,635988,883,7961
list-id-m,16,20,4,960,767176,799,10582
list-id-m,1,40,4,120,160500,1337,23
list-id-m,4,40,4,480,398633,830,1836
list-id-m,8,40,4,960,802382,835,6228
list-id-m,12,40,4,1440,1169581,812,10595
list-id-m,16,40,4,1920,1485082,773,11323
list-id-m,1,80,4,240,221781,924,12
list-id-m,4,80,4,960,693772,722,2555
list-id-m,8,80,4,1920,1339126,697,5987
list-id-m,12,80,4,2880,1910190,663,9110
list-id-m,16,80,4,3840,2593954,675,13469
list-id-s,1,10,4,30,114962,3832,16
list-id-s,4,10,4,120,226813,1890,884
list-id-s,8,10,4,240,344381,1434,2188
list-id-s,12,10,4,360,435753,1210,4139
list-id-s,16,10,4,480,543299,1131,5755
list-id-s,1,20,4,60,96808,1613,9
list-id-s,4,20,4,240,270174,1125,1211
list-id-s,8,20,4,480,392929,818,3949
list-id-s,12,20,4,720,704426,978,8768
list-id-s,16,20,4,960,879246,915,11766
list-id-s,1,40,4,120,142459,1187,4
list-id-s,4,40,4,480,432213,900,2398
list-id-s,8,40,4,960,874228,910,6307
list-id-s,12,40,4,1440,1151875,799,10678
list-id-s,16,40,4,1920,1580666,823,14748
list-id-s,1,80,4,240,218988,912,2
list-id-s,4,80,4,960,669577,697,2251
list-id-s,8,80,4,1920,1495069,778,6763
list-id-s,12,80,4,2880,2429041,843,12253
list-id-s,16,80,4,3840,3253142,847,17567
list-none-m,1,1000,4,3000,1079912,359,0
list-none-m,1,1000,8,3000,735797,245,0
list-none-m,1,1000,16,3000,546324,182,0
list-none-m,2,1000,1,6000,8472291,1412,2033
list-none-m,2,1000,4,6000,2457809,409,589
list-none-m,2,1000,8,6000,1472885,245,323
list-none-m,2,1000,16,6000,1015142,169,205
list-none-m,4,1000,1,12000,18240412,1520,6726
list-none-m,4,1000,4,12000,5115676,426,1834
list-none-m,4,1000,8,12000,3195530,266,1124
list-none-m,4,1000,16,12000,2073007,172,736
list-none-m,8,1000,1,24000,43036364,1793,18897
list-none-m,8,1000,4,24000,11647788,485,5106
list-none-m,8,1000,8,24000,7191553,299,3063
list-none-m,8,1000,16,24000,4769456,198,2022
list-none-m,12,1000,1,36000,66379604,1843,30398
list-none-m,12,1000,4,36000,18417737,511,8449
list-none-m,12,1000,8,36000,11134287,309,5019
list-none-m,12,1000,16,36000,7552105,209,3406
list-none-s,1,1000,1,3000,3608203,1202,0
list-none-s,1,1000,4,3000,1146434,382,0
list-none-s,1,1000,8,3000,644913,214,0
list-none-s,1,1000,16,3000,462721,154,0
list-none-s,2,1000,1,6000,8328314,1388,2010
list-none-s,2,1000,4,6000,2410547,401,548
list-none-s,2,1000,8,6000,1461198,243,330
list-none-s,2,1000,16,6000,991626,165,207
list-none-s,4,1000,1,12000,26833741,2236,12075
list-none-s,4,1000,4,12000,7125064,593,3185
list-none-s,4,1000,8,12000,4361681,363,1910
list-none-s,4,1000,16,12000,2938810,244,1249
list-none-s,8,1000,1,24000,78150195,3256,40623
list-none-s,8,1000,4,24000,20873793,869,10765
list-none-s,8,1000,8,24000,11638355,484,5875
list-none-s,8,1000,16,24000,8320152,346,4240
list-none-s,12,1000,1,36000,130745727,3631,71574
list-none-s,12,1000,4,36000,34762036,965,18442
list-none-s,12,1000,8,36000,20430221,567,10883
list-none-s,12,1000,16,36000,13408833,372,6697
